,Chunks,Tenure_Years,Centrality,Innovation_Rate,Avg_Similarity
Chunks,1.0,0.5670944182917701,0.8376434121997652,0.34663031416485957,0.8280613060604979
Tenure_Years,0.5670944182917701,1.0,0.36444932229097055,0.16459398766024327,0.39335173322193734
Centrality,0.8376434121997652,0.36444932229097055,1.0,0.3165104909423466,0.9664873919846656
Innovation_Rate,0.34663031416485957,0.16459398766024327,0.3165104909423466,1.0,0.32967032967032966
Avg_Similarity,0.8280613060604979,0.39335173322193734,0.9664873919846656,0.32967032967032966,1.0
